<?xml version="1.0" encoding="UTF-8"?>
<project-private xmlns="http://www.netbeans.org/ns/project-private/1">
    <editor-bookmarks xmlns="http://www.netbeans.org/ns/editor-bookmarks/2" lastBookmarkId="0"/>
    <open-files xmlns="http://www.netbeans.org/ns/projectui-open-files/2">
        <group>
            <file>file:/D:/DROEGECH2019/DRKSpider4/src/ar/com/drk/drkspiderjava/processor/HTMLParser.java</file>
            <file>file:/D:/DROEGECH2019/DRKSpider4/src/ar/com/drk/drkspiderjava/EntryPoint.java</file>
        </group>
    </open-files>
</project-private>
